<?xml version="1.0" encoding="UTF-8"?>
<beans xmlns="http://www.springframework.org/schema/beans"
	xmlns:context="http://www.springframework.org/schema/context"
	xmlns:xsi="http://www.w3.org/2001/XMLSchema-instance"
	xsi:schemaLocation="http://www.springframework.org/schema/beans http://www.springframework.org/schema/beans/spring-beans-3.0.xsd
	http://www.springframework.org/schema/context http://www.springframework.org/schema/context/spring-context-3.0.xsd">

	<bean id="login" class="com.samsung.view.user.LoginController" />
	<bean id="logout" class="com.samsung.view.user.LogoutController" />
	<bean id="join" class="com.samsung.view.user.JoinController" />
	<bean id="emailCheck" class="com.samsung.view.user.EmailCheckController" />

	<bean id="addBoard" class="com.samsung.view.board.AddBoardController" />
	<bean id="updateBoard" class="com.samsung.view.board.UpdateBoardController" />
	<bean id="deleteBoard" class="com.samsung.view.board.DeleteBoardController" />
	<bean id="getBoard" class="com.samsung.view.board.GetBoardController" />
	<bean id="getBoardList" class="com.samsung.view.board.GetBoardListController" />
	<bean id="addReply" class="com.samsung.view.board.AddReplyController" />
	<bean id="replyBoard" class="com.samsung.view.board.ReplyBoardController" />

	<bean id="handlerMapping"
		class="org.springframework.web.servlet.handler.SimpleUrlHandlerMapping">





		<property name="mappings">
			<props>
				<prop key="/login.do">login</prop>
				<prop key="/logout.do">logout</prop>
				<prop key="/addBoard.do">addBoard</prop>
				<prop key="/deleteBoard.do">deleteBoard</prop>
				<prop key="/updateBoard.do">updateBoard</prop>
				<prop key="/getBoardList.do">getBoardList</prop>
				<prop key="/getBoard.do">getBoard</prop>
				<prop key="/replyBoard.do">replyBoard</prop>
				<prop key="/join.do">join</prop>
				<prop key="/emailCheck.do">emailCheck</prop>
			</props>
		</property>

	</bean>
</beans>











