<?xml version="1.0" encoding="UTF-8" ?>
<!DOCTYPE mapper
  PUBLIC "-//mybatis.org//DTD Mapper 3.0//EN"
  "http://mybatis.org/dtd/mybatis-3-mapper.dtd">

<mapper namespace="honeyhobbee.dao">
	<select id="selectHobby" parameterType="tag" resultType="hobby">
		select * from hobby
		<where>
			<if test="tag_id1 != null || tag_id2 != null || tag_id3 != null">
				tag_id1=#{tag_id1} or tag_id2=#{tag_id2} or
				tag_id3=#{tag_id3}
			</if>
		</where>
		order by hobby_id desc
	</select>
	<!-- 수정요망 name123넣어야함 -->
	<insert id="insertHobby" parameterType="hobby">
		insert into
		hobby(hobby_id,hobby_name,hobby_content,tag_id1,tag_id2,tag_id3,email,tag_name1,tag_name2,tag_name3,name)
		values((select nvl(max(hobby_id),0)+1 from hobby),
		#{hobby_name},#{hobby_content},#{tag_id1},#{tag_id2},#{tag_id3},#{email},#{tag_name1},#{tag_name2},#{tag_name3},#{name})
	</insert>

	<update id="updatehobby" parameterType="hobby">
		update hobby set
		hobby_name=#{hobby_name}, hobby_content=#{hobby_content},
		tag_id1=#{tag_id1}, tag_id2=#{tag_id2}, tag_id3=#{tag_id3},
		email=#{emil} where hobby_id = #{hobby_id}
	</update>

	<delete id="deleteHobby" parameterType="hobby">
		delete from hobby where
		hobby_id=#{hobby_id}
	</delete>

	<select id="selectTagName" parameterType="Integer" resultType="String">
		select tag_name from
		tag where tag_id = #{tag_id}
	</select>

	<insert id="insertTag" parameterType="tag">
		insert into tag
		values(#{tag_id}, #{tag_name})
	</insert>

	<update id="updateTag" parameterType="tag">
		update tag set
		tag_name=#{tag_name} where tag_id=#{tag_id}
	</update>

	<select id="selectTag" parameterType="tag" resultType="tag">
		select * from tag
		<where>
			<if test="tag_id != null">
				tag_id like '%' || #{tag_id} || '%'
			</if>
		</where>
		order by tag_id
	</select>

	<delete id="deleteTag" parameterType="tag">
		delete from tag where
		tag_id= #{tag_id}
	</delete>

	<!-- 여기부터 지윤이가 했다 -->

	<select id="selectAllJob" resultType="job">
		select * from job order by
		job_id
	</select>

	<!-- 여기부터 지윤이가 했다 -->

	<select id="selectAllTag" resultType="Tag">
		select * from tag order by
		tag_id
	</select>

	<select id="selectAllHobby" resultType="hobby">
		select * from hobby
	</select>

	<select id="selectHobbeeBymyJob" resultType="hobby"
		parameterType="Integer">
		select distinct h.* from hobby h, member m
		where
		m.job=#{job_id}
		and
		(m.HOBBY1 = h.HOBBY_ID or
		m.HOBBY2 = h.HOBBY_ID or
		m.HOBBY3 = h.HOBBY_ID)

	</select>

	<select id="selectHobbeeBymyGen" resultType="hobby"
		parameterType="Integer">
		select distinct h.* from hobby h, member m
		where
		m.gender=#{gen}
		and
		(m.HOBBY1 = h.HOBBY_ID or
		m.HOBBY2 = h.HOBBY_ID or
		m.HOBBY3 = h.HOBBY_ID)
	</select>

	<select id="selectHobbybyTag" resultType="hobby" parameterType="Integer">
		select * from hobby where tag_id1= #{tag_id} or tag_id2=#{tag_id} or
		tag_id3=#{tag_id} order by hobby_id desc
	</select>

	<select id="selectTag1ListByHobbyid" resultType="tag"
		parameterType="Integer">
		select tag_id, tag_name
		from tag t, hobby h
		where
		h.tag_id1 = t.tag_id
		and h.hobby_id = #{hobby_id}
	</select>

	<select id="selectTag2ListByHobbyid" resultType="tag"
		parameterType="Integer">
		select tag_id, tag_name
		from tag t, hobby h
		where
		h.tag_id2 = t.tag_id
		and h.hobby_id = #{hobby_id}
	</select>
	<select id="selectTag3ListByHobbyid" resultType="tag"
		parameterType="Integer">
		select tag_id, tag_name
		from tag t, hobby h
		where
		h.tag_id3 = t.tag_id
		and h.hobby_id = #{hobby_id}
	</select>

</mapper>