<?xml version="1.0" encoding="UTF-8" ?>
<!DOCTYPE mapper
  PUBLIC "-//mybatis.org//DTD Mapper 3.0//EN"
  "http://mybatis.org/dtd/mybatis-3-mapper.dtd">


<mapper namespace="honeyhobbee">
	<select id="selectTagList" parameterType="Integer" resultType="tag">
		select * from tag where substr(tag_id,1,1)=#{num} order by tag_id
	</select>
	
	

	<insert id="insertMember" parameterType="member">
		insert into
		member(email,name,password,birthday,job,gender, hobby1 , hobby2  ,hobby3)
		values(#{email}, #{name}, #{password}, #{birthday}, #{job}, #{gender},
		#{hobby1}, #{hobby2}, #{hobby3})
	</insert>

	<update id="updateMember" parameterType="member">
		update member set
		name=#{name}, password=#{password}, job=#{job}, image=#{image},
		hobby1=#{hobby1}, hobby2=#{hobby2}, hobby3=#{hobby3} 
		where email = #{email}
	</update>

	<delete id="deleteMember" parameterType="member">
		delete from member where
		email = #{email}
	</delete>

	<select id="searchAllMember" resultType="member">
		select * from member
	</select>

	<select id="searchMember" resultType="member">
		select * from member where
		email = #{email}
	</select>

	<select id="login" parameterType="member" resultType="member">
		select *
		from member where email = #{email} and password = #{password}
	</select>
	
	<select id="findEmail" parameterType="member" resultType="String">
		select email from member where name = #{name} and birthday = #{birthday}
	</select>
	
	<update id="updateTmpPassword">
		update member set password = #{password} where email = #{email} and name = #{name} and birthday = #{birthday}
	</update>

</mapper>