<?xml version="1.0" encoding="UTF-8" ?>
<!DOCTYPE mapper
  PUBLIC "-//mybatis.org//DTD Mapper 3.0//EN"
  "http://mybatis.org/dtd/mybatis-3-mapper.dtd">

<mapper namespace="honeyhobbee">
	<select id="getPostList" resultType="post">
		select * from post p, member
		m
		where p.email = m.email
		order
		by post_id desc
	</select>

	<select id="getPostByHobby_id" parameterType="Integer"
		resultType="post">
		select * from post where hobby_id = #{hobby_id}
	</select>

	<select id="getPostByEmail" parameterType="String" resultType="post">
		select * from post where email = #{email} order by post_id desc
	</select>

	<select id="getPostById" parameterType="Integer" resultType="post">
		select * from post where post_id = #{post_id} order by post_id desc
	</select>

	<select id="selectTagsPosts" parameterType="Integer" resultType="post">
		select * from post
		where tag_id1 = #{tag_id}
		or tag_id2 = #{tag_id}
		or tag_id3 = #{tag_id}
		order
		by post_id desc
	</select>


	<insert id="insertPost" parameterType="post">
		insert into post
		(POST_ID,
		post_title, post_content, post_time, hobby_id,POST_LIKE , EMAIL ,NAME,
		post_image, tag_id1, tag_id2, tag_id3, tag_name1, tag_name2,
		tag_name3, member_image)
		values((select nvl(max(post_id),0)+1 from post),
		#{post_title},#{post_content},sysdate,#{hobby_id},0,#{email},#{name},#{post_image},
		#{tag_id1}, #{tag_id2}, #{tag_id3}, #{tag_name1}, #{tag_name2},
		#{tag_name3},#{member_image})
	</insert>

	<update id="updatePost" parameterType="post">
		update post set
		post_title= #{post_title}, post_content=#{post_content}
		where post_id =
		#{post_id}
	</update>

	<delete id="deletePost">
		delete from post where post_id =
		#{post_id}
	</delete>

	<update id="likePost" parameterType="Integer">
		update post set post_like =
		post_like + 1 where post_id = #{post_id}
	</update>
</mapper>