<?xml version="1.0" encoding="UTF-8" ?>
<!DOCTYPE configuration
  PUBLIC "-//mybatis.org//DTD Config 3.0//EN"
  "http://mybatis.org/dtd/mybatis-3-config.dtd">

<configuration>

	<typeAliases>
		<typeAlias type="honeyhobbee.vo.Hobby" alias="hobby" />
		<typeAlias type="honeyhobbee.vo.Job" alias="job" />
		<typeAlias type="honeyhobbee.vo.Member" alias="member" />
		<typeAlias type="honeyhobbee.vo.Post" alias="post" />
		<typeAlias type="honeyhobbee.vo.Reply" alias="reply" />
		<typeAlias type="honeyhobbee.vo.Tag" alias="tag" />
	</typeAliases>
	
	<mappers>
		<mapper resource="mappings/hobbeeMapper.xml" />
		<mapper resource="mappings/memberMapper.xml" />
		<mapper resource="mappings/postMapper.xml" />
	</mappers>

</configuration>