<?xml version="1.0" encoding="ISO-8859-1"?>
<!DOCTYPE log4j:configuration SYSTEM "log4j.dtd">
<log4j:configuration xmlns:log4j="http://jakarta.apache.org/log4j/"
	debug="false">

	<appender name="console" class="org.apache.log4j.ConsoleAppender">
		<layout class="org.apache.log4j.PatternLayout">
			<param name="ConversionPattern" value="%d %5p [%c] %m%n" />
		</layout>
	</appender>

	<appender name="file" class="org.apache.log4j.FileAppender">
		<param name="File" value="userLogger.log" />
		<param name="Append" value="false" />
		<layout class="org.apache.log4j.PatternLayout">
			<param name="ConversionPattern" value="%-5p [%d{MM/dd HH:mm:ss,SSS}] (%13F:%L) %m%n" />
		</layout>
	</appender>

	<logger name="org.springframework" additivity="false">
		<level value="INFO" />
		<appender-ref ref="console" />
	</logger>

</log4j:configuration>
